user_id,name,age,sex,country,country_code
0,Karen Bristol,25,F,Turkey,TR
1,Charles Ross,28,M,Kenya,KE
2,Wesley Spielman,24,M,Ukraine,UA
3,James Brown,35,M,Spain,ES
4,Gertrude Conklin,73,F,Egypt,EG
5,Gregory Garvey,70,M,Belgium,BE
6,Jennifer Johnson,52,F,Brazil,BR
7,James Revering,43,M,France,FR
8,Ray Lipinski,58,M,Macao,MO
9,Millicent Hamernik,73,F,Sweden,SE
10,Buford Barry,41,M,United States,US
11,Thomas Owens,21,M,Finland,FI
12,Cheryl Lane,43,F,United Arab Emirates,AE
13,Kim Escamilla,40,F,Thailand,TH
14,Darlene Lebeau,59,F,Canada,CA
15,Randall Castiglione,22,M,Korea,KR
16,Nicole Brinkman,18,F,Mexico,MX
17,Myrtle Anthony,20,F,Poland,PL
18,Lorraine Hafer,43,F,Singapore,SG
19,Amanda Peyton,59,F,Canada,CA
20,John Glass,77,M,Macao,MO
21,Judy Wentz,26,F,South Africa,ZA
22,Lorraine Burgess,38,F,Indonesia,ID
23,James Edington,45,M,Turkey,TR
24,Kirsten Crumbley,63,F,Kenya,KE
25,Ryan Rowley,43,M,Spain,ES
26,Loretta Hill,66,F,Vietnam,VN
27,Renata Kelly,42,F,Switzerland,CH
28,Dana Badanguio,47,F,United Kingdom,GB
29,Joanne Phillips,74,F,Mexico,MX
30,Linda Hunt,80,F,Argentina,AR
31,John Thomas,59,M,Ethiopia,ET
32,Randy Bronner,49,M,Pakistan,PK
33,David Gonzales,27,M,New Zealand,NZ
34,Katie Usrey,51,F,Spain,ES
35,Cari Bouchard,47,F,Germany,DE
36,Lucy Dooley,36,F,Malaysia,MY
37,Judy Courtney,66,F,Ireland,IE
38,Walter Smith,73,M,India,IN
39,Jeanine Lane,75,F,Poland,PL
40,Norma Halstead,79,F,Greece,GR
41,April Savala,27,F,India,IN
42,James Heath,54,M,Switzerland,CH
43,Nancy White,18,F,Denmark,DK
44,Carmen Tafoya,27,F,United Arab Emirates,AE
45,Robert Rodriguez,58,M,France,FR
46,Bonnie Bartos,65,F,Brazil,BR
47,Joan Leblanc,77,F,Germany,DE
48,Camilla Redmond,25,F,Greece,GR
49,Robin Hyde,64,F,Germany,DE
50,Deborah Albrecht,39,F,Ireland,IE
51,Vanessa Freeman,77,F,Ethiopia,ET
52,Walter Osterhoudt,36,M,Vietnam,VN
53,Andre Smith,22,M,Portugal,PT
54,Mary Roy,41,F,Kenya,KE
55,Arlene Gebhart,38,F,Finland,FI
56,Alicia Longino,60,F,Argentina,AR
57,Doris Worthington,75,F,Korea,KR
58,Joshua Sanchez,65,M,Egypt,EG
59,Lisa Welch,23,F,Luxembourg,LU
60,William Cheng,63,M,Vietnam,VN
61,Elton Ernst,39,M,Kenya,KE
62,Michael Moore,25,M,India,IN
63,Amelia Theriault,63,F,Malaysia,MY
64,Gloria Malin,53,F,South Africa,ZA
65,Georgia Draper,21,F,Luxembourg,LU
66,Anthony Price,78,M,China,CN
67,Georgia Stumpe,38,F,United Arab Emirates,AE
68,Frank Templeton,71,M,Norway,NO
69,Darin Piatek,55,M,Spain,ES
70,Daniel Sanchez,49,M,Belgium,BE
71,Anthony Williams,68,M,Pakistan,PK
72,Dee Torres,47,F,United States,US
73,Jacqueline Fritz,52,F,Canada,CA
74,Robert Sprenkle,18,M,China,CN
75,Nora Pickens,29,F,Kenya,KE
76,Sara Hughes,37,F,Kenya,KE
77,David Mackinder,20,M,Italy,IT
78,Luz Quick,73,F,Vietnam,VN
79,Hugo Wilson,45,M,United Arab Emirates,AE
80,Ilene Castro,26,F,France,FR
81,Alfred Stevenson,35,M,Argentina,AR
82,Diane Busch,43,F,Luxembourg,LU
83,Carrie Graham,54,F,South Africa,ZA
84,Jennifer Velez,64,F,Japan,JP
85,Kelly Foreman,62,F,Singapore,SG
86,Micheal Greiner,74,M,Spain,ES
87,Janice Matthews,22,F,Macao,MO
88,William Grant,49,M,Germany,DE
89,Camille Smith,77,F,United Kingdom,GB
90,Hoyt Withrow,64,M,Luxembourg,LU
91,Scott Hernadez,38,M,Switzerland,CH
92,Mara Eager,80,F,India,IN
93,Willie Gibney,19,M,Sweden,SE
94,Rosalinda Harvey,52,F,Australia,AU
95,Lisa Pete,42,F,Indonesia,ID
96,Yvonne Soto,20,F,United Arab Emirates,AE
97,Adrienne Moya,64,F,Singapore,SG
98,Faye Mellett,45,F,Malaysia,MY
99,Roger Metoyer,48,M,Germany,DE
100,Russell Thompson,74,M,China,CN
101,Julie Carboni,29,F,Thailand,TH
102,Kourtney Hackler,76,F,Germany,DE
103,Joshua Toulouse,48,M,Denmark,DK
104,Nancy Davis,28,F,Indonesia,ID
105,Robert Alexander,68,M,Indonesia,ID
106,Carolyn Ellsworth,77,F,Thailand,TH
107,William Archer,44,M,Singapore,SG
108,Caron Vincent,56,F,New Zealand,NZ
109,Stephen Young,35,M,Turkey,TR
110,Daniel Schueler,42,M,Australia,AU
111,Kathleen Lively,56,F,Kenya,KE
112,Florence Henderson,80,F,India,IN
113,Audrey Andrews,65,F,Mexico,MX
114,Louis Huff,33,M,Belgium,BE
115,Grace Mcknight,61,F,Mexico,MX
116,Tammy Steger,65,F,Kiribati,KI
117,Jennifer Pullins,55,F,Luxembourg,LU
118,Tawnya Ussery,66,F,Pakistan,PK
119,Peggy Lee,33,F,Vietnam,VN
120,Thomas Branson,74,M,Mexico,MX
121,Alfredo Louis,63,M,Ireland,IE
122,Derrick Holtzman,60,M,Luxembourg,LU
123,Ollie Totten,29,F,Sweden,SE
124,Madeleine Yoder,57,F,Macao,MO
125,Elena Freeman,37,F,Germany,DE
126,Abel Bazile,78,M,Denmark,DK
127,Kelly Tucker,50,F,France,FR
128,Ollie Vaux,56,M,China,CN
129,Robert Cook,70,M,Singapore,SG
130,Michelle White,19,F,Switzerland,CH
131,Ashley Morgan,60,F,Indonesia,ID
132,Richard Brent,79,M,Argentina,AR
133,Ashley Patterson,68,F,South Africa,ZA
134,Debra Ferguson,76,F,Portugal,PT
135,Travis Smith,50,M,Mexico,MX
136,Devin Malinowski,57,M,Kiribati,KI
137,Diana Coleman,73,F,Thailand,TH
138,Ronald Doyle,62,M,Macao,MO
139,Donna Bew,62,F,Russia,RU
140,Jean Lusk,51,F,Egypt,EG
141,Jodie Stewart,33,F,United Arab Emirates,AE
142,Richard Delorey,26,M,Switzerland,CH
143,Charles Richardson,38,M,Kenya,KE
144,Stefani Balding,75,F,Luxembourg,LU
145,Alan Roberts,54,M,Macao,MO
146,Evelyn Blake,63,F,Switzerland,CH
147,Sue Jackson,73,F,France,FR
148,Fred Blanton,32,M,Brazil,BR
149,Michael Olsen,45,M,Korea,KR
150,Russell Mcguire,36,M,Italy,IT
151,Cynthia Gilchrest,58,F,Norway,NO
152,Regina Jones,57,F,Korea,KR
153,James Grant,55,M,Kiribati,KI
154,Rosanne Molacek,59,F,Mexico,MX
155,Fernando Gibson,50,M,Mexico,MX
156,Rosetta Walker,27,F,New Zealand,NZ
157,Suzanne Rodriguez,45,F,Kiribati,KI
158,Loretta Clarke,42,F,Pakistan,PK
159,Sylvia Mccarter,19,F,Australia,AU
160,Diane Miller,48,F,Malaysia,MY
161,Jesus Brown,72,M,China,CN
162,Dana Ewing,66,M,Macao,MO
163,Vernon Mueller,71,M,Ireland,IE
164,Ella Dudley,23,F,Mexico,MX
165,Rebekah Villanueva,68,F,Korea,KR
166,William Clemons,46,M,Ireland,IE
167,James Castleberry,44,M,Ukraine,UA
168,Lori Sorel,21,F,Argentina,AR
169,Daniel Hernandez,54,M,United States,US
170,Miquel Behrens,21,M,Canada,CA
171,Carmela Campbell,79,F,Finland,FI
172,Patricia Raef,48,F,Belgium,BE
173,Brett West,28,M,Greece,GR
174,Paula Benton,77,F,Portugal,PT
175,Mark Mcfadden,38,M,Japan,JP
176,Ruth Reyes,30,F,Kiribati,KI
177,Patrick Daniels,51,M,Mexico,MX
178,Rhonda Eason,67,F,Luxembourg,LU
179,Sierra Harness,66,F,Brazil,BR
180,James Brewer,26,M,Germany,DE
181,Scott George,30,M,Mexico,MX
182,Vincent Tucker,67,M,Mexico,MX
183,Lynn Jones,24,F,Ireland,IE
184,Nancy Wilder,40,F,France,FR
185,Jimmy Hinaman,41,M,Malaysia,MY
186,Jane Crimi,60,F,Argentina,AR
187,Joan Durio,29,F,Turkey,TR
188,John Carter,79,M,Singapore,SG
189,Seth Foster,19,M,Ireland,IE
190,George Vazquez,74,M,Korea,KR
191,Michael Buchanan,32,M,Brazil,BR
192,Wilda Koester,38,F,India,IN
193,Jesus Schieber,36,M,Singapore,SG
194,Harry Brunetti,54,M,Luxembourg,LU
195,Ronald Rolen,57,M,Ireland,IE
196,Raul Mullin,48,M,Belgium,BE
197,Carlos Pace,49,M,Pakistan,PK
198,Roy Canon,38,M,Egypt,EG
199,Henry Johnson,54,M,Finland,FI
200,Shelia Bartlett,49,F,Sweden,SE
201,Edward Sellers,51,M,Korea,KR
202,Julius Young,61,M,Singapore,SG
203,Gina Villatoro,23,F,Mexico,MX
204,Edward Worm,40,M,Kiribati,KI
205,Evelyn Watts,77,F,Indonesia,ID
206,Rita Orange,31,F,Vietnam,VN
207,Beatrice Deare,50,F,Kenya,KE
208,Harold Polk,71,M,Switzerland,CH
209,Lisa Gomez,57,F,Thailand,TH
210,Jon Hills,21,M,Japan,JP
211,Christopher Mcdermott,64,M,China,CN
212,Geneva Vessey,76,F,Singapore,SG
213,Wallace Allen,46,M,Italy,IT
214,Jason Smudrick,61,M,France,FR
215,Marc Diaz,38,M,Denmark,DK
216,Rachel Colon,46,F,Malaysia,MY
217,Maria Murphy,48,F,France,FR
218,Travis Gray,61,F,Malaysia,MY
219,Stanley Lawrence,25,M,Turkey,TR
220,Ruben White,75,M,Denmark,DK
221,Ryan Nelson,18,M,Kiribati,KI
222,Andrea Bunnell,71,F,Norway,NO
223,Johnathan Lozada,44,M,Turkey,TR
224,Derek Goulet,22,M,Portugal,PT
225,Hector Moses,67,M,Russia,RU
226,Sean Kauffman,66,M,South Africa,ZA
227,Luke Skar,75,M,United Arab Emirates,AE
228,Charles Krupa,73,M,Brazil,BR
229,Maxine Tenney,29,F,Vietnam,VN
230,Sherry Barnes,73,F,Korea,KR
231,Tony Cross,69,M,Macao,MO
232,Elliott Barwick,22,M,Kenya,KE
233,Abram Carlin,19,M,United Kingdom,GB
234,Francisco Sagredo,56,M,Korea,KR
235,Louis Vega,38,M,Malaysia,MY
236,Mary Nelson,62,F,Switzerland,CH
237,Christine Robinson,43,F,Malaysia,MY
238,Richard Wachter,80,M,Kenya,KE
239,Barbara Hallman,74,F,Kiribati,KI
240,Vicki Johnson,21,F,Kiribati,KI
241,Sharika Levy,56,F,Brazil,BR
242,Shelly Lewis,72,F,Vietnam,VN
243,Warren Martinez,52,M,Ethiopia,ET
244,Margaret Brank,28,F,United Arab Emirates,AE
245,William Rodriguez,22,M,Canada,CA
246,Doris Rubie,45,F,Portugal,PT
247,Kurt Peters,21,M,Portugal,PT
248,Joseph Spears,65,M,Ireland,IE
249,John Klein,52,M,Macao,MO
250,Moses Moates,52,M,Poland,PL
251,Dorothy Kimber,59,F,Korea,KR
252,Vivian Horrell,74,F,Pakistan,PK
253,Vera Fishman,45,F,Egypt,EG
254,Julie Daniels,80,F,Ethiopia,ET
255,Jeffery Kemnitz,29,M,Greece,GR
256,Nigel Randall,49,M,United States,US
257,Kerri Wilcox,44,F,Kenya,KE
258,Joan Piner,26,F,Macao,MO
259,Carole Lockhart,25,F,Malaysia,MY
260,Michael Bennett,22,M,United Arab Emirates,AE
261,Brittany Smith,38,F,Ireland,IE
262,Joan Perez,76,F,Germany,DE
263,Roland Edwards,68,M,Macao,MO
264,Frankie Bishop,34,M,United States,US
265,Nicholas Maclennan,38,M,Switzerland,CH
266,Mildred Mifflin,72,F,Sweden,SE
267,Mary Ponyah,74,F,Korea,KR
268,Denise Heberling,36,F,Argentina,AR
269,Mary Salinas,54,F,China,CN
270,David Valentine,38,M,Switzerland,CH
271,Matthew Boyd,39,M,Spain,ES
272,Dorothy Gomez,72,F,Kiribati,KI
273,Una Farmer,70,F,Sweden,SE
274,Peter Young,44,M,Luxembourg,LU
275,James Hughes,72,M,Mexico,MX
276,Cesar Lopez,29,M,Kiribati,KI
277,Nova Vines,25,F,Kiribati,KI
278,Teri Peterson,39,F,Turkey,TR
279,Arthur Russell,56,M,Thailand,TH
280,Lewis Moreau,69,M,Korea,KR
281,Andera Giles,80,F,Italy,IT
282,Charles Keister,38,M,Canada,CA
283,Elbert Stahnke,61,M,United Arab Emirates,AE
284,Willie Cook,70,M,Norway,NO
285,Marilyn Steinharter,38,F,Kiribati,KI
286,Margaret Powell,48,F,United Arab Emirates,AE
287,Jennifer Wilson,63,F,Mexico,MX
288,Samantha Carter,67,F,Belgium,BE
289,Alissa Patterson,52,F,Russia,RU
290,Michael Goode,29,M,Spain,ES
291,John Hall,72,M,Denmark,DK
292,Nellie Ashcraft,33,F,Thailand,TH
293,Gary Silva,71,M,Luxembourg,LU
294,Shirley Smith,47,F,Brazil,BR
295,Mabel Irizarry,33,F,South Africa,ZA
296,Glenda Johnson,32,F,Korea,KR
297,Ruby Bollinger,72,F,Turkey,TR
298,Terry Lee,31,M,United Arab Emirates,AE
299,Karen Dangelo,26,F,Italy,IT
300,Mark Garner,45,M,Belgium,BE
301,Joyce Walker,35,F,Mexico,MX
302,Milton Crowley,38,M,United States,US
303,Holly Clayton,52,F,Japan,JP
304,Kathleen Rosser,43,F,Luxembourg,LU
305,Eduardo Roundtree,78,M,Brazil,BR
306,Melissa Minjares,80,F,Germany,DE
307,Celeste Parker,45,F,Belgium,BE
308,Jason Woods,22,M,Kiribati,KI
309,Daniel Hanson,69,M,Turkey,TR
310,Earl Gonzales,67,M,Germany,DE
311,Antonio Tatum,64,M,Turkey,TR
312,Greg Timbers,58,M,Italy,IT
313,Anita Borkowski,56,F,Poland,PL
314,Robert Molina,22,M,New Zealand,NZ
315,Joey Rosario,47,M,Vietnam,VN
316,Frances Johnson,74,F,Indonesia,ID
317,Susan Phillips,37,F,Ethiopia,ET
318,Jimmy Smith,50,M,United Arab Emirates,AE
319,Myron Daines,77,M,Ukraine,UA
320,Jesse Bell,21,M,Denmark,DK
321,Kristen Bowen,63,F,Switzerland,CH
322,Dora Aldridge,55,F,Ethiopia,ET
323,Charles Nathan,58,M,China,CN
324,Charles Brown,64,F,Italy,IT
325,Marlene Constantini,45,F,Egypt,EG
326,Mildred Lee,21,F,Ethiopia,ET
327,Sophia Kelly,70,F,United Arab Emirates,AE
328,Julia Campanile,62,F,United Kingdom,GB
329,Karina Crabill,76,F,Kenya,KE
330,Carlos Fogle,37,M,South Africa,ZA
331,Maria Keeton,34,F,Kenya,KE
332,Frank Hadsell,35,M,Japan,JP
333,Silas Dugar,51,M,France,FR
334,John Boyd,45,M,Belgium,BE
335,Daniel Mcmillan,23,M,Spain,ES
336,David Radsky,48,M,United Arab Emirates,AE
337,George Terry,43,M,Greece,GR
338,Douglas Brown,46,M,Turkey,TR
339,Bryan Bennet,32,M,Macao,MO
340,Carlos Lheureux,49,M,China,CN
341,Daniel Lovell,28,M,Thailand,TH
342,Marion Hoagland,26,F,New Zealand,NZ
343,Delores Cole,67,F,Argentina,AR
344,Dorothy Birmingham,39,F,Portugal,PT
345,Gerardo Garcia,72,M,United Kingdom,GB
346,William Brandwein,23,M,Kiribati,KI
347,Michael Hughs,65,M,Indonesia,ID
348,Chris Lachiatto,65,M,United Kingdom,GB
349,Carolyn Savage,60,F,United Arab Emirates,AE
350,Michael Malcom,21,M,Singapore,SG
351,Ilda Reid,70,F,Sweden,SE
352,Rene White,61,M,Malaysia,MY
353,Philip Gregg,41,M,Spain,ES
354,Elizabeth Clark,70,F,Spain,ES
355,Virginia Amend,42,F,Australia,AU
356,Lillian Vierk,72,F,Australia,AU
357,Jamie Faison,73,F,Indonesia,ID
358,David Mayes,53,M,Brazil,BR
359,Frances Cahill,44,F,Brazil,BR
360,Phil Maxwell,38,M,Australia,AU
361,Derek Burch,34,M,Italy,IT
362,Manuel Smith,64,M,Brazil,BR
363,Ed Gray,32,M,India,IN
364,Dean Orr,26,M,Portugal,PT
365,Joe Olsen,39,M,South Africa,ZA
366,Ariel Crandall,23,M,Canada,CA
367,Stephen Chase,57,M,Sweden,SE
368,Linwood Rehl,66,M,Sweden,SE
369,Josefina Goode,24,F,Norway,NO
370,Jose Ethington,72,M,Mexico,MX
371,Guadalupe Harrison,51,F,Vietnam,VN
372,Mary Aslam,54,F,Mexico,MX
373,Annie Bynum,44,F,Sweden,SE
374,Heidi Fowler,22,F,Korea,KR
375,Joyce Eiland,63,F,Singapore,SG
376,Jeffrey Parke,31,M,United States,US
377,Addie Mosley,54,F,Poland,PL
378,Janet Stemper,61,F,Malaysia,MY
379,Donald Linkous,48,M,Pakistan,PK
380,Doris Garcia,36,F,Germany,DE
381,Charles Flynt,54,M,Luxembourg,LU
382,Sandra Ison,73,F,Indonesia,ID
383,Brian Dixon,52,M,Canada,CA
384,Tim Curtice,57,M,South Africa,ZA
385,Josephine Walton,63,F,Italy,IT
386,Donna Liv,20,F,Finland,FI
387,Ruth Leonard,77,F,Ukraine,UA
388,Erica Seaney,50,F,Switzerland,CH
389,Gemma Seeds,54,F,Ethiopia,ET
390,Gerri Carr,59,F,Australia,AU
391,Ronald Emerson,49,M,Italy,IT
392,Christopher Paige,73,M,Korea,KR
393,Diane Branham,65,F,Finland,FI
394,Kelly Whilden,72,F,United Arab Emirates,AE
395,Claudia Root,33,F,Greece,GR
396,Melvin Wade,25,M,Portugal,PT
397,Bessie Ramirez,44,F,Argentina,AR
398,Christopher Harmon,25,M,Malaysia,MY
399,Mark Fountain,69,M,Sweden,SE
400,Raymond Wilson,32,M,Australia,AU
401,Jimmy Stavis,75,M,Ukraine,UA
402,Breana Anderson,33,F,Ethiopia,ET
403,Norma Travis,64,F,Pakistan,PK
404,Charles Gooden,69,F,Belgium,BE
405,Frank Case,79,M,Luxembourg,LU
406,Annie Eller,25,F,Norway,NO
407,Rick Wheeler,37,M,Belgium,BE
408,Bruce Andrew,76,M,Kiribati,KI
409,Henry Bell,54,M,Russia,RU
410,Ernestine Cowley,34,F,Pakistan,PK
411,Larry Pena,68,M,Denmark,DK
412,Philip Craighead,35,M,Ukraine,UA
413,Manuel Mcmillin,35,M,Italy,IT
414,David Williams,65,M,Germany,DE
415,Eric Stargel,34,M,Malaysia,MY
416,Steven Owens,79,M,China,CN
417,Margaret Harris,48,F,Macao,MO
418,Richard Delrie,80,M,Mexico,MX
419,Evelyn Pina,78,F,Argentina,AR
420,Charles Liu,18,M,United Arab Emirates,AE
421,Henry May,71,M,Egypt,EG
422,Lisa White,66,F,Singapore,SG
423,Elmer Padgett,36,M,Japan,JP
424,Laura Conte,39,F,Egypt,EG
425,Roland Sinstack,36,M,Japan,JP
426,Mary Anderson,53,F,Switzerland,CH
427,Kim Gillen,26,F,Australia,AU
428,Anthony Lopez,36,M,United Kingdom,GB
429,Syble Fahnestock,72,F,Pakistan,PK
430,Deborah Albright,48,F,Korea,KR
431,Rachael Brouillette,72,F,Ireland,IE
432,Dorothy West,57,F,Kenya,KE
433,Mary Brantley,79,F,Greece,GR
434,Tracy Johnson,26,F,Malaysia,MY
435,Mildred Holley,35,F,Ethiopia,ET
436,Natalie Webb,23,F,Canada,CA
437,Katherine Osborne,53,F,Australia,AU
438,Johnnie Zimmerman,20,F,Argentina,AR
439,Erika Gonzalez,76,F,Korea,KR
440,Dorothy Kessler,55,F,South Africa,ZA
441,Randell Bartels,40,M,Australia,AU
442,Melvin Johnston,70,M,Russia,RU
443,Patricia Altmann,78,F,India,IN
444,Audrey Rubie,53,F,Canada,CA
445,Holly Ahrens,59,F,China,CN
446,Peggy Blackerby,65,F,New Zealand,NZ
447,Donald Heine,33,M,Finland,FI
448,Anita Capron,25,F,United States,US
449,Tina Taylor,23,F,Switzerland,CH
450,Quiana Hoskins,27,F,Indonesia,ID
451,Walter Caneles,24,M,Argentina,AR
452,Michael Pratt,37,M,Egypt,EG
453,Devin Moore,64,M,Sweden,SE
454,Arturo Chabot,52,M,Singapore,SG
455,Jacob Jones,56,M,United Kingdom,GB
456,Richard Hawker,21,M,Canada,CA
457,Courtney Throgmorton,24,F,Turkey,TR
458,Shanna Dunmore,62,F,China,CN
459,David Allen,72,M,Germany,DE
460,Jason Ringhouse,66,M,Italy,IT
461,Stephanie Cortez,30,F,Kenya,KE
462,Cristina Castaneda,59,F,India,IN
463,Jose Cox,40,M,Ethiopia,ET
464,Ivy Montanez,21,F,China,CN
465,Gerald Gill,67,M,New Zealand,NZ
466,Richard Shanklin,33,M,Macao,MO
467,Kurt Jeffery,72,M,Italy,IT
468,Jonathan Hale,25,M,United Kingdom,GB
469,Elizabeth Powell,35,F,Vietnam,VN
470,Richard Reny,64,M,China,CN
471,Eugene Ryan,34,M,Malaysia,MY
472,Leticia Moore,69,F,Ukraine,UA
473,Chad Wibbens,38,M,Greece,GR
474,Ricardo Clark,24,M,Egypt,EG
475,James Meza,47,M,New Zealand,NZ
476,Steven Smith,77,M,Australia,AU
477,Steven Edwards,37,M,Australia,AU
478,Karina Powell,36,F,Korea,KR
479,Douglas Wallace,66,M,India,IN
480,Mark Baker,23,M,Turkey,TR
481,Ray Lampley,43,M,Switzerland,CH
482,Keith Mckenzie,50,M,Macao,MO
483,Nancy Williams,33,F,Japan,JP
484,Charlotte Waller,71,F,India,IN
485,Mildred Averette,40,F,Poland,PL
486,James Wilhite,44,M,Belgium,BE
487,Veronica Gibson,31,F,Egypt,EG
488,Samantha Beck,30,F,Japan,JP
489,Barbara Peek,39,F,Kenya,KE
490,William Handy,74,M,Sweden,SE
491,Gerald Springer,36,M,South Africa,ZA
492,Margaret Rutherford,59,F,Switzerland,CH
493,Sylvia Bonavia,66,F,Belgium,BE
494,Sherry Clark,23,F,Italy,IT
495,Renee Schulte,25,F,Poland,PL
496,Teresa Sampson,18,F,Mexico,MX
497,Vern Goodwin,53,M,Switzerland,CH
498,Jeffery Mcavoy,70,M,Denmark,DK
499,Echo Mcbride,51,F,Ukraine,UA
500,Jessie Brush,50,F,Greece,GR
501,Woodrow Jackson,49,M,Denmark,DK
502,Virginia Ruiz,64,F,Malaysia,MY
503,Julian Sims,21,M,United Kingdom,GB
504,Allison Fowlkes,22,F,Japan,JP
505,Edwin Christo,34,M,Macao,MO
506,Alice Dixon,20,F,China,CN
507,Dahlia Polanski,56,F,Thailand,TH
508,Reynaldo Gurley,40,M,Norway,NO
509,Eric King,67,M,South Africa,ZA
510,Mark Powers,32,M,Ukraine,UA
511,Betty Haines,39,F,South Africa,ZA
512,Rodney Leonard,23,M,Mexico,MX
513,Kimberly Morrison,58,F,Portugal,PT
514,Dorothy Henry,39,F,Kenya,KE
515,George Rubio,20,M,Denmark,DK
516,Kenneth Vlashi,76,M,Japan,JP
517,Patricia Warner,29,F,Korea,KR
518,Maria Atwell,58,F,Brazil,BR
519,Leroy Fuentes,36,M,Turkey,TR
520,Mary Watson,35,F,Germany,DE
521,Ross Miller,68,M,Korea,KR
522,Christopher Ibarra,18,M,Spain,ES
523,Michael Crank,49,M,India,IN
524,Yong Pavick,29,F,Italy,IT
525,Lucy Derego,40,F,Pakistan,PK
526,Eddie Quintanilla,54,M,India,IN
527,Christopher Brown,48,M,Greece,GR
528,Bonnie Bilger,59,F,Egypt,EG
529,David Stanley,19,M,South Africa,ZA
530,David Singleton,32,M,Luxembourg,LU
531,Richard Eckman,74,M,Russia,RU
532,Sheila Clawson,49,F,Ukraine,UA
533,Floyd Hess,73,M,Korea,KR
534,Wayne Crain,19,M,New Zealand,NZ
535,Lester Carr,45,M,Greece,GR
536,David Thomas,54,M,Pakistan,PK
537,Joshua Campisi,32,M,Macao,MO
538,Susan Rasch,21,F,Portugal,PT
539,Claudia Littlefield,50,F,Russia,RU
540,Jackie Guest,26,F,Kenya,KE
541,Peter Bronson,73,M,Germany,DE
542,Roy Uribe,54,M,Vietnam,VN
543,Yvette Lerma,50,F,Norway,NO
544,Barbara Armendariz,73,F,Russia,RU
545,Jerry Cortes,20,M,Singapore,SG
546,Robert Nickell,40,M,Ukraine,UA
547,Ricardo Akridge,65,M,Singapore,SG
548,Robert Enders,65,M,Denmark,DK
549,Richard Nelson,30,M,Greece,GR
550,Kathleen Estimable,27,F,Italy,IT
551,Jessie Creek,68,M,Russia,RU
552,Wanda Charlton,62,F,Sweden,SE
553,Neville Mccormick,41,M,Italy,IT
554,Angela Bolt,27,F,Pakistan,PK
555,Shannon Rios,79,F,New Zealand,NZ
556,Cynthia Reynolds,71,F,Argentina,AR
557,Barbara Boyer,79,F,Japan,JP
558,Jacques Stephenson,41,M,United States,US
559,Bertha Mickens,40,F,Singapore,SG
560,Freddie Trivino,79,M,Argentina,AR
561,Thomas Brewer,28,M,Macao,MO
562,Peter Turner,76,M,United Kingdom,GB
563,Daniel Anderson,18,M,Greece,GR
564,Kathleen Edmond,30,F,Greece,GR
565,Brian Zamora,23,M,Ireland,IE
566,William Butler,61,M,Turkey,TR
567,Jonathan Glatt,39,M,Thailand,TH
568,Latisha Carrillo,24,F,Russia,RU
569,Nathaniel Silva,60,M,Russia,RU
570,Glenn Gonzalez,38,M,Luxembourg,LU
571,Frank Lue,43,M,Macao,MO
572,Wilhelmina Hammer,54,F,India,IN
573,Peggy Acuff,55,F,Japan,JP
574,Tiny Boone,74,F,Poland,PL
575,Racquel Nunez,75,F,Ireland,IE
576,Thomas Hamilton,23,M,Norway,NO
577,Jose Hoy,38,M,India,IN
578,Muriel Green,72,F,Mexico,MX
579,Gary Rock,25,M,Switzerland,CH
580,Jeremy Sharpe,77,M,India,IN
581,Jacqueline Cordoba,39,F,Malaysia,MY
582,Ruthie Jewell,60,F,Singapore,SG
583,Robert Rayo,61,M,Belgium,BE
584,Jenny Edwards,54,F,Switzerland,CH
585,Maryjane Perez,70,F,Germany,DE
586,Rafael Decker,22,M,Singapore,SG
587,Tanya Tamborlane,44,F,Portugal,PT
588,Dorothea Thomas,53,F,Sweden,SE
589,Amanda Geary,73,F,Luxembourg,LU
590,Matthew Mcmillan,29,M,Kiribati,KI
591,James Crowder,23,M,Egypt,EG
592,David Tiry,50,M,Indonesia,ID
593,Chanda Pratt,58,F,Thailand,TH
594,Randall Ratcliff,78,M,Luxembourg,LU
595,Tom Pulido,76,M,Canada,CA
596,John Ellingson,29,M,Macao,MO
597,Guadalupe Steven,79,F,Ethiopia,ET
598,Elaine Uhrig,67,F,Denmark,DK
599,Diego Hilton,31,M,China,CN
600,Ellis Forbes,72,M,Kenya,KE
601,Andrea Haught,68,F,United States,US
602,Carol Montano,68,F,United Arab Emirates,AE
603,Thomas Bradley,56,M,Ukraine,UA
604,Lelia Reed,64,F,Ukraine,UA
605,Sandra Johnson,44,F,Ethiopia,ET
606,Maria Mcdonough,42,F,France,FR
607,Violet Horvath,24,F,United Arab Emirates,AE
608,Mary Lafrance,53,F,India,IN
609,Yvonne Jasso,32,F,Australia,AU
610,Clara Yang,39,F,Argentina,AR
611,Noemi Gold,76,F,Finland,FI
612,Leigha Mcguire,46,F,Singapore,SG
613,Ernest Wilson,62,M,Sweden,SE
614,Andrea Gary,28,F,Denmark,DK
615,Regina Mcclean,27,F,Ethiopia,ET
616,Susie Crawford,49,F,China,CN
617,Mario Johnson,27,M,Egypt,EG
618,Derek Page,48,M,Finland,FI
619,Dwayne Evans,57,M,Denmark,DK
620,Leroy Pitcherello,35,M,Japan,JP
621,Denise Flynn,39,F,Australia,AU
622,Gary Trimble,56,M,Mexico,MX
623,George Holtzman,27,M,France,FR
624,Christine Cruz,63,F,Indonesia,ID
625,Rita Wilkins,61,F,Pakistan,PK
626,Jeff Mclauglin,25,M,Korea,KR
627,Cynthia Severs,30,F,Turkey,TR
628,Helga Pousson,79,F,Vietnam,VN
629,David Collingsworth,30,M,Ethiopia,ET
630,George Marasco,59,M,New Zealand,NZ
631,Calvin Jarvis,36,M,Turkey,TR
632,Logan Spence,20,M,Germany,DE
633,Clara Sanders,48,F,Ethiopia,ET
634,Thomas Schmidt,40,M,Poland,PL
635,Ingrid Varner,57,F,Singapore,SG
636,Clinton Lee,30,M,Greece,GR
637,Rochelle Simmons,64,F,Switzerland,CH
638,Bill Christy,45,M,Korea,KR
639,Jimmy Fries,22,M,Portugal,PT
640,Joan Leanos,78,F,Pakistan,PK
641,Gregory Vieira,68,M,Italy,IT
642,Nadine Moore,76,F,France,FR
643,Leota Adan,22,F,Canada,CA
644,Carolyn Lockett,56,F,Russia,RU
645,Michael Tidmore,25,M,Luxembourg,LU
646,Jimmy Roberts,36,M,Ukraine,UA
647,Emilio Shepard,71,M,France,FR
648,Tom Strong,57,M,Finland,FI
649,Darwin Dudley,53,M,Norway,NO
650,Christopher Majors,39,M,Korea,KR
651,Geri Bozeman,37,F,Indonesia,ID
652,Brenda Cannon,54,F,Poland,PL
653,William Newman,28,M,South Africa,ZA
654,Jerry Boggs,61,M,Singapore,SG
655,Sandra Vang,19,F,Sweden,SE
656,Blair Smith,50,F,Singapore,SG
657,Romeo Groves,39,M,Brazil,BR
658,Marsha Shelton,68,F,Italy,IT
659,Sylvia Martin,48,F,Japan,JP
660,Jaime Vaught,76,F,Kenya,KE
661,Rebecca Perun,53,F,Mexico,MX
662,Dean Miller,59,M,Turkey,TR
663,Tracey Rios,39,F,Vietnam,VN
664,Estelle Person,78,F,Australia,AU
665,Kathy Perry,56,F,Australia,AU
666,Sandra Suber,45,F,Denmark,DK
667,Harry Sorrells,57,M,Kiribati,KI
668,Tyrone Owens,62,M,Greece,GR
669,Eileen Garland,74,F,Poland,PL
670,Larry Worrell,67,M,Ireland,IE
671,Edna Pletcher,80,F,Ethiopia,ET
672,Linda Magana,50,F,Egypt,EG
673,Roger Ford,74,M,Australia,AU
674,Margaret Wallace,31,F,Indonesia,ID
675,Clyde Hodges,65,M,Egypt,EG
676,Pauline Reay,73,F,United Arab Emirates,AE
677,Christopher Carpenter,45,M,Thailand,TH
678,Donald Williams,53,M,Pakistan,PK
679,Marilyn Neal,76,F,Spain,ES
680,Bradley Stafford,49,M,Vietnam,VN
681,Kim Frazier,75,F,Portugal,PT
682,Roberta Cothran,69,F,United Arab Emirates,AE
683,David Hilliard,48,M,Turkey,TR
684,William Crum,45,M,Argentina,AR
685,Michael Flores,66,M,Egypt,EG
686,Clifford Otto,20,M,Japan,JP
687,Michelle Shivers,48,F,Argentina,AR
688,Lillie Dale,22,F,Kiribati,KI
689,James Zeitler,28,M,Switzerland,CH
690,Tyler Reinhardt,26,M,United Kingdom,GB
691,Misty Ham,74,F,Germany,DE
692,Albert Stephens,74,M,Mexico,MX
693,Fred Kirkpatrick,48,M,United Arab Emirates,AE
694,Elizabeth Rogers,63,F,Poland,PL
695,Donald Mccoy,68,M,Poland,PL
696,Clara Perry,69,F,United States,US
697,Eula Townsend,70,F,China,CN
698,John Blea,29,M,Portugal,PT
699,Daniel Lacy,51,M,Indonesia,ID
700,Rudy Aponte,76,M,Portugal,PT
701,Juan Myrick,55,M,United Arab Emirates,AE
702,Evelyn Ford,44,F,Luxembourg,LU
703,Lloyd Craze,52,M,United States,US
704,Jeffrey Hall,54,M,Mexico,MX
705,Sidney Prestidge,22,M,Portugal,PT
706,Brandy Hurst,37,F,Pakistan,PK
707,Lexie Stephens,47,F,Kiribati,KI
708,Stephen Mccray,21,M,South Africa,ZA
709,Nanci Slade,25,F,Pakistan,PK
710,Gregory Keel,76,M,Mexico,MX
711,Roland Atkins,28,M,India,IN
712,Lisa Nguyen,20,F,Kenya,KE
713,Jenna Williams,59,F,Greece,GR
714,Tiara Olson,52,F,Vietnam,VN
715,Roderick Casias,48,M,Pakistan,PK
716,Melissa Janek,43,F,Argentina,AR
717,Michelle Cullinan,44,F,Denmark,DK
718,Roberto Caro,66,M,Indonesia,ID
719,Lindsey Gregory,80,F,Belgium,BE
720,Anna Ding,56,F,Spain,ES
721,Devon Bowens,53,F,India,IN
722,Mary Davis,55,F,Argentina,AR
723,Jessie Garcia,77,M,Denmark,DK
724,Doris Fox,33,F,Canada,CA
725,Javier Ortz,61,M,Switzerland,CH
726,Richard Moore,50,M,France,FR
727,Tyler Salmon,45,M,Korea,KR
728,Debbie Parkes,54,F,Turkey,TR
729,Mary Lamberth,41,F,Russia,RU
730,Sam Rios,31,M,Luxembourg,LU
731,Daniel Russell,75,M,Thailand,TH
732,Robert Romero,23,M,Switzerland,CH
733,Victor Sanchez,29,M,Egypt,EG
734,Margaret Davenport,58,F,Malaysia,MY
735,Jeffery Reilly,29,M,Singapore,SG
736,Lauren Hudson,31,F,Luxembourg,LU
737,Angelo Lattimore,60,M,Italy,IT
738,Robert Keys,33,M,Mexico,MX
739,Ava Thompson,76,F,Germany,DE
740,Andrew Burns,79,M,France,FR
741,Martin Martinez,80,M,Norway,NO
742,Royce Malley,48,M,Argentina,AR
743,Joseph Hughes,33,M,Brazil,BR
744,David Sams,46,M,Mexico,MX
745,Eugene Vasquez,25,M,Mexico,MX
746,Paul Butts,67,M,Egypt,EG
747,Geneva Webb,68,F,Spain,ES
748,Sandra Martinez,61,F,Korea,KR
749,Nellie Treider,23,F,Indonesia,ID
750,Angela Reed,39,F,Malaysia,MY
751,Richard Ball,42,M,Denmark,DK
752,Shannon Ford,76,M,Thailand,TH
753,Shannon Griner,65,M,Kenya,KE
754,Corey Hess,23,M,Poland,PL
755,Rhonda Berry,51,F,Malaysia,MY
756,Henry Satterfield,20,M,Korea,KR
757,Kristie Null,42,F,Macao,MO
758,Cedric Macareno,52,M,Spain,ES
759,Stephanie Thompson,21,F,Greece,GR
760,Basil Tomlin,68,M,Turkey,TR
761,Mary Stevenson,65,F,Switzerland,CH
762,Julius Birchfield,42,M,Korea,KR
763,Joshua Gaffney,55,F,Ukraine,UA
764,Sharon Cowan,43,F,Finland,FI
765,Marie Gonzalez,58,F,Germany,DE
766,William Lewis,66,M,Belgium,BE
767,Helen Kee,71,F,United Kingdom,GB
768,Paul Hahn,67,M,Thailand,TH
769,Patricia Gibson,39,F,Egypt,EG
770,Sharon Jackson,79,F,Korea,KR
771,Robert Mosley,26,M,Argentina,AR
772,Timothy Johnson,61,M,Germany,DE
773,Ester Phillips,19,F,Portugal,PT
774,Charles Ivy,53,M,Singapore,SG
775,Matthew Anderson,72,M,Norway,NO
776,Glen Darling,64,M,Ethiopia,ET
777,Richard Silver,77,M,Vietnam,VN
778,John Carpenter,38,M,Japan,JP
779,Thomas Bell,31,M,Singapore,SG
780,Terri Henderson,77,F,Luxembourg,LU
781,George Rahm,66,M,Russia,RU
782,Bernard Rivera,67,M,Pakistan,PK
783,Jeffrey Camp,50,M,Turkey,TR
784,Deanna Johnson,24,F,Singapore,SG
785,Sheila Bullinger,32,F,Switzerland,CH
786,Christopher Lewis,30,M,Finland,FI
787,Lola Walker,75,F,United Kingdom,GB
788,Ruby Carbajal,23,F,Vietnam,VN
789,Gayle Henderson,75,F,India,IN
790,Rosa Barber,50,F,Belgium,BE
791,Catherine Thompson,69,F,Macao,MO
792,Clifton Holland,68,M,Thailand,TH
793,Louise Kawamoto,79,F,China,CN
794,Lorenzo Prince,19,M,Canada,CA
795,Jenny Bruner,68,F,United States,US
796,Sean Schleck,78,M,Switzerland,CH
797,George Venable,69,M,Brazil,BR
798,Fred Curran,51,M,Spain,ES
799,Brittany Willis,53,F,United Kingdom,GB
800,Tyra Weiner,28,F,Malaysia,MY
801,Robert Oneill,25,M,Italy,IT
802,Scott Moore,74,M,Pakistan,PK
803,Stephen Murphy,53,M,Poland,PL
804,Randolph Stephens,20,M,Canada,CA
805,Minnie Caudle,61,F,Mexico,MX
806,Thomas Young,44,M,New Zealand,NZ
807,Charles Williams,45,M,Finland,FI
808,Kevin Jones,64,M,Japan,JP
809,Willie Williams,19,M,Switzerland,CH
810,Jeffrey Shaw,34,M,Switzerland,CH
811,Virginia Jamison,42,F,Portugal,PT
812,Debra Ryan,63,F,United Arab Emirates,AE
813,Michael Brodowski,18,M,Kenya,KE
814,John Spencer,52,M,Belgium,BE
815,Kari Wimberly,45,F,China,CN
816,Emma Webster,47,F,Singapore,SG
817,Kenneth Brooks,52,M,Finland,FI
818,Beverly Ramsey,55,F,Turkey,TR
819,Kenya Applebaum,68,F,Italy,IT
820,Molly Farris,71,F,Ukraine,UA
821,Joseph Crouse,26,M,Turkey,TR
822,Viola Hendrix,35,F,Germany,DE
823,Vickie Gulke,28,F,Korea,KR
824,Alyssa Delagarza,79,F,Indonesia,ID
825,Sabrina Kolter,66,F,Kiribati,KI
826,Kellie Mccormick,51,F,Denmark,DK
827,June Hopson,80,F,Denmark,DK
828,Lillian Bennett,75,F,South Africa,ZA
829,Ryan Rivera,31,M,Finland,FI
830,Nicole Ly,39,F,Egypt,EG
831,Gladys Hart,49,F,Belgium,BE
832,Clarence Adams,28,M,Mexico,MX
833,Alice Robinson,29,F,Poland,PL
834,William Maclennan,78,M,Portugal,PT
835,Paula Hutchison,31,F,India,IN
836,David Brewer,40,M,Indonesia,ID
837,Phillip Martin,60,M,Italy,IT
838,Linda Potolsky,64,F,Poland,PL
839,William Bunch,56,M,Spain,ES
840,Mary Olivo,39,F,Vietnam,VN
841,William Gorski,30,M,United Kingdom,GB
842,Michael Soto,52,M,Ethiopia,ET
843,Dick Olson,21,M,Portugal,PT
844,Hazel Forehand,60,F,India,IN
845,Jessica Harrison,30,F,Finland,FI
846,Susan Giese,60,F,Spain,ES
847,Evangeline Sands,77,F,Italy,IT
848,Katrina Smith,26,F,China,CN
849,Irma Elliott,78,F,Canada,CA
850,Joseph Zucker,63,M,France,FR
851,Ruby Higgins,57,F,Indonesia,ID
852,Wanda Martin,65,F,Poland,PL
853,Greg Hogg,56,M,Canada,CA
854,Paul Mcgowan,47,M,Singapore,SG
855,Ruth Edwards,30,F,Poland,PL
856,Christine Mraz,39,F,Italy,IT
857,Vicki Markley,37,F,Pakistan,PK
858,Ana Webb,27,F,Egypt,EG
859,James Miller,43,M,Indonesia,ID
860,Briana Light,58,F,Argentina,AR
861,Alicia Brooks,65,F,Ukraine,UA
862,Bessie Rowe,45,F,Korea,KR
863,Crystal Counts,24,F,Ethiopia,ET
864,Stacy Dyer,68,F,Kiribati,KI
865,Ruby Gale,20,F,Turkey,TR
866,Patricia Williams,25,F,Malaysia,MY
867,Juanita Muller,47,F,Italy,IT
868,Michelle Boucher,49,F,Japan,JP
869,Lamar King,31,M,Mexico,MX
870,Michael Lang,23,M,Norway,NO
871,Stacy Salaam,45,F,Spain,ES
872,Bill Jackson,80,M,New Zealand,NZ
873,Paula Poindexter,75,F,Kiribati,KI
874,Gloria Hughes,53,F,Sweden,SE
875,Dorothy Burgess,44,F,Spain,ES
876,Rosa Kimmel,55,F,Denmark,DK
877,Shirley Cook,44,F,Argentina,AR
878,Ann Michel,34,F,Finland,FI
879,Patsy Strickland,29,F,Ukraine,UA
880,Joan Mcneil,48,F,Switzerland,CH
881,Crystal Corkins,30,F,Portugal,PT
882,Christopher Ramos,66,M,Korea,KR
883,Richard Peale,79,M,India,IN
884,Jerry Malek,30,M,Singapore,SG
885,Olivia Mccall,39,F,Canada,CA
886,Deborah Hinkle,27,F,Germany,DE
887,Derek Harry,61,M,New Zealand,NZ
888,James Kollross,25,M,Norway,NO
889,Fred Payne,63,M,Pakistan,PK
890,Bryan Williams,55,M,New Zealand,NZ
891,Larry Vizcarrondo,27,M,Spain,ES
892,Tammy Storie,20,F,South Africa,ZA
893,Kristin Ross,47,F,Canada,CA
894,Tianna Chipman,36,F,Finland,FI
895,Gail Shubert,19,F,Finland,FI
896,Lawrence Rigney,54,M,Russia,RU
897,Mark Quinones,31,M,New Zealand,NZ
898,Vicki Valiente,51,F,Poland,PL
899,Katrina Allen,55,F,Pakistan,PK
900,Roger Gooch,66,M,Pakistan,PK
901,Rebekah Seals,51,F,Luxembourg,LU
902,Emily Honaker,52,F,Singapore,SG
903,Michael Stella,38,M,Portugal,PT
904,Irmgard Arzola,27,F,Luxembourg,LU
905,Shane Walker,60,M,New Zealand,NZ
906,Paul Marquez,39,M,Korea,KR
907,Ana Caponigro,39,F,Ireland,IE
908,Virginia Boyd,66,F,Ethiopia,ET
909,Michael Rose,35,M,Sweden,SE
910,Maria Jordan,70,F,Australia,AU
911,Dewayne Ladner,53,M,Switzerland,CH
912,Valerie Sideris,73,F,Korea,KR
913,Nellie Dorn,65,F,Pakistan,PK
914,Allyson Killian,26,F,Germany,DE
915,John Graham,59,M,Switzerland,CH
916,Alfredo Brown,22,M,Pakistan,PK
917,Manuel Bartoletti,59,M,Ireland,IE
918,Joe Patrick,59,M,Mexico,MX
919,Ruth Brennan,22,F,Spain,ES
920,Bessie Vagliardo,29,F,Greece,GR
921,Bessie Thomas,78,F,Thailand,TH
922,Jose Lankford,65,M,Switzerland,CH
923,Mark Frye,80,M,Spain,ES
924,Deedee Velazquez,40,F,Mexico,MX
925,John Wolf,59,M,Argentina,AR
926,Lillian Christensen,33,F,Thailand,TH
927,Justin Catanzaro,50,M,Spain,ES
928,Raymond Lopez,72,M,United Arab Emirates,AE
929,Geraldine Mcdaniel,63,F,China,CN
930,Harold Hookano,53,M,Kenya,KE
931,Helen Orellana,30,F,China,CN
932,Susan Burns,25,F,Mexico,MX
933,Pearl Rankin,43,F,United Arab Emirates,AE
934,William Dupont,74,M,Kiribati,KI
935,Mark Garcia,80,M,China,CN
936,Elenora Boyd,61,F,Ireland,IE
937,Carmela Oconor,25,F,Pakistan,PK
938,James Dungan,54,M,Thailand,TH
939,Brian Mcallister,19,M,Canada,CA
940,Evan Olsson,30,M,United States,US
941,Brenda Kincade,51,F,Norway,NO
942,Maureen Quesenberry,45,F,Japan,JP
943,Linda Johnson,40,F,United Arab Emirates,AE
944,Sarah Markley,79,F,Denmark,DK
945,Robert Mundell,70,M,Malaysia,MY
946,Sandra Levine,68,F,France,FR
947,Kathleen Noland,69,F,Denmark,DK
948,Cindy Moran,29,F,India,IN
949,Geraldine Reisman,63,F,Norway,NO
950,Pamela Hill,49,F,Sweden,SE
951,Sara Hampton,74,F,Finland,FI
952,Jeffrey Robbins,41,M,Norway,NO
953,Judith Grover,46,F,Germany,DE
954,Thomas Johnson,41,M,Norway,NO
955,Rose Gross,26,F,Korea,KR
956,Dorothy Devins,69,F,Thailand,TH
957,Mark Freer,23,M,Portugal,PT
958,Lela Upton,36,F,Korea,KR
959,Charles Cullens,33,M,China,CN
960,Eleanor Alexander,23,F,Kenya,KE
961,Michael Tovar,56,M,Egypt,EG
962,Ronald Okoye,42,M,Spain,ES
963,Laura Romero,33,F,Denmark,DK
964,Diana Lowther,53,F,India,IN
965,Mitchell Urban,24,M,Switzerland,CH
966,Thomas Diaz,34,M,Macao,MO
967,Tamara Becerra,26,F,United Arab Emirates,AE
968,Andrew Ness,48,M,United States,US
969,Mabel Fernandez,24,F,Greece,GR
970,Victoria Campbell,76,F,India,IN
971,Charlene Bass,37,F,Egypt,EG
972,Regina Smith,34,F,Japan,JP
973,Kristen Engram,27,F,Argentina,AR
974,Robyn Plummer,35,F,Pakistan,PK
975,Tessa Williams,77,F,United Kingdom,GB
976,Lisa Fundora,45,F,Russia,RU
977,Brenda Miller,79,F,United Kingdom,GB
978,Harrison Wynn,69,M,Denmark,DK
979,Jose Rice,53,M,Singapore,SG
980,Curtis Maxwell,22,M,Canada,CA
981,Flora Mccarty,50,F,Macao,MO
982,Michael Prasad,69,M,Ethiopia,ET
983,Patrick Hordge,78,M,Indonesia,ID
984,Cathy Mccall,78,F,Malaysia,MY
985,James Ware,21,M,Switzerland,CH
986,Lamar Salizar,38,M,Mexico,MX
987,Zoe Lambert,38,F,Norway,NO
988,Natasha Bell,37,F,Vietnam,VN
989,Kenneth Hawkins,38,M,Japan,JP
990,Andres Hays,61,M,Brazil,BR
991,Nathaniel Beatty,44,M,Indonesia,ID
992,Kathy Whitefield,32,F,Turkey,TR
993,Albert Gregson,72,M,Argentina,AR
994,Betty Tucker,33,F,Denmark,DK
995,Marie Callahan,24,F,Poland,PL
996,Donna Buttram,49,F,Korea,KR
997,Thomas Russell,69,M,Malaysia,MY
998,Jason Montanez,27,M,Ireland,IE
999,Brandon Mendoza,46,M,Finland,FI
